Desa/Kelurahan,Potensi
Ujung Piring,Potensi Tinggi
Sembilangan,Potensi Tinggi
Mertajasah,Potensi Tinggi
Mlajah,Potensi Tinggi
Pangeranan,Potensi Tinggi
Demangan,Potensi Tinggi
Banyubunih,Potensi Tinggi
Daleman,Potensi Tinggi
Geger,Potensi Tinggi
Gili Timur,Potensi Tinggi
Bator,Potensi Tinggi
Durjan,Potensi Tinggi
Genteng,Potensi Tinggi
Ketetang,Potensi Tinggi
Manggaan,Potensi Tinggi
Pernajuh,Potensi Tinggi
Patemon,Potensi Tinggi
Macajah,Potensi Tinggi
Polagan,Potensi Tinggi
Gng Maddah,Potensi Tinggi
Bira Tengah,Potensi Tinggi
Bira Timur,Potensi Tinggi
Tamberu Daya,Potensi Tinggi
Tamberu Barat,Potensi Tinggi
Klobur,Potensi Tinggi
Montor,Potensi Tinggi
Batioh,Potensi Tinggi
Kramat,Potensi Tinggi
Ketapang Daya,Potensi Tinggi
Ketapang Barat,Potensi Tinggi
Rabiyan,Potensi Tinggi
Napolaok,Potensi Tinggi
Tambak,Potensi Tinggi
Temoran,Potensi Tinggi
Pangarengan,Potensi Tinggi
