Desa/Kelurahan,Potensi
Pandan Lanjang,Potensi Kurang
Batonaong,Potensi Kurang
Glagga,Potensi Kurang
Ombul,Potensi Kurang
Balung,Potensi Kurang
Lajing,Potensi Kurang
Tengket,Potensi Kurang
Arosbaya,Potensi Kurang
Karang Duwak,Potensi Kurang
Dlemer,Potensi Kurang
Mangkon,Potensi Kurang
Berbeluk,Potensi Kurang
Cendagah,Potensi Kurang
Karang Pao,Potensi Kurang
Makam Agung,Potensi Kurang
Plakaran,Potensi Kurang
Tambegan,Potensi Kurang
Kramat,Potensi Kurang
Sabiyan,Potensi Kurang
Gebang,Potensi Kurang
Gigir,Potensi Kurang
Ko'Olan,Potensi Kurang
Pangeran Gedungan,Potensi Kurang
Panjalinan,Potensi Kurang
Rosep,Potensi Kurang
Kampao,Potensi Kurang
Lombang Laok,Potensi Kurang
Lombang Daya,Potensi Kurang
Karpote,Potensi Kurang
Blegaoloh,Potensi Kurang
Karang Gayam,Potensi Kurang
Lomaer,Potensi Kurang
Bates,Potensi Kurang
Karang Panasan,Potensi Kurang
Karangnangka,Potensi Kurang
Blega,Potensi Kurang
Nyor Manis,Potensi Kurang
Alasraja,Potensi Kurang
Kajan,Potensi Kurang
Tonjung,Potensi Kurang
Jambu,Potensi Kurang
Langkap,Potensi Kurang
Benangkah,Potensi Kurang
Kapor,Potensi Kurang
Arok,Potensi Kurang
Sobih,Potensi Kurang
Pangolangan,Potensi Kurang
Perreng,Potensi Kurang
Alas Kembang,Potensi Kurang
Binoh,Potensi Kurang
Pekadan,Potensi Kurang
Kajuanak,Potensi Kurang
Paterongan,Potensi Kurang
Galis,Potensi Kurang
Paka'An Laok,Potensi Kurang
Kranggan Timur,Potensi Kurang
Separah,Potensi Kurang
Pakaandaya,Potensi Kurang
Longkek,Potensi Kurang
Tellok,Potensi Kurang
Belateran,Potensi Kurang
Kelbung,Potensi Kurang
Telagah,Potensi Kurang
Lantek Temor,Potensi Kurang
Lantek Barat,Potensi Kurang
Banjar,Potensi Kurang
Bangpendah,Potensi Kurang
Sadah,Potensi Kurang
Sorpa,Potensi Kurang
Togubang,Potensi Kurang
Lerpak,Potensi Kurang
Batobella,Potensi Kurang
Tegerpriyah,Potensi Kurang
Campor,Potensi Kurang
Kompol,Potensi Kurang
Kampak,Potensi Kurang
Kombangan,Potensi Kurang
Dabung,Potensi Kurang
Katol Barat,Potensi Kurang
Banyoneng Laok,Potensi Kurang
Banyoneng Dajah,Potensi Kurang
Tajungan,Potensi Kurang
Gili Barat,Potensi Kurang
Banyu Ajuh,Potensi Kurang
Tanjung Jati,Potensi Kurang
Kebun,Potensi Kurang
Gili Anyar,Potensi Kurang
Tellang,Potensi Kurang
Pendabah,Potensi Kurang
Tolbuk,Potensi Kurang
Ra'As,Potensi Kurang
Muarah,Potensi Kurang
Polongan,Potensi Kurang
Karang Asem,Potensi Kurang
Bantean,Potensi Kurang
Bragang,Potensi Kurang
Lergunong,Potensi Kurang
Panyaksagan,Potensi Kurang
Larangan Glintong,Potensi Kurang
Manonggal,Potensi Kurang
Larangan Sorjan,Potensi Kurang
Tenggun Daya,Potensi Kurang
Bulung,Potensi Kurang
Trogan,Potensi Kurang
Ko'ol,Potensi Kurang
Tobaddung,Potensi Kurang
Mrandung,Potensi Kurang
Buluk Agung,Potensi Kurang
Klampis Barat,Potensi Kurang
Klampis Timur,Potensi Kurang
Lembung Gunung,Potensi Kurang
Ampara'an,Potensi Kurang
Kokop,Potensi Kurang
Tlokoh,Potensi Kurang
Mano'An,Potensi Kurang
Mandung,Potensi Kurang
Bandang Laok,Potensi Kurang
Tramok,Potensi Kurang
Katol Timur,Potensi Kurang
Banda Soleh,Potensi Kurang
Dupok,Potensi Kurang
Batokorogan,Potensi Kurang
Galis Daya,Potensi Kurang
Durin Barat,Potensi Kurang
Kanegarah,Potensi Kurang
Batokaban,Potensi Kurang
Durin Timur,Potensi Kurang
Pakes,Potensi Kurang
Bandung,Potensi Kurang
Konang,Potensi Kurang
Senasen,Potensi Kurang
Campor,Potensi Kurang
Sambiyan,Potensi Kurang
Cangkarman,Potensi Kurang
Tebul,Potensi Kurang
Pasanggrahan,Potensi Kurang
Karanganyar,Potensi Kurang
Batah Barat,Potensi Kurang
Batah Timur,Potensi Kurang
Duwek Buter,Potensi Kurang
Pandanan,Potensi Kurang
Karang Entang,Potensi Kurang
Janteh,Potensi Kurang
Dlemer,Potensi Kurang
Morombuh,Potensi Kurang
Sumur Kuning,Potensi Kurang
Paoran,Potensi Kurang
Gunung Sereng,Potensi Kurang
Kesek,Potensi Kurang
Pangpong,Potensi Kurang
Sukolilo Barat,Potensi Kurang
Sukolilo Timur,Potensi Kurang
Bunajih,Potensi Kurang
Bringin,Potensi Kurang
Ba'Engas,Potensi Kurang
Labang,Potensi Kurang
Jukong,Potensi Kurang
Sendang Laok,Potensi Kurang
Sendang Daya,Potensi Kurang
Petapan,Potensi Kurang
Pangpajung,Potensi Kurang
Patereman,Potensi Kurang
Kolla,Potensi Kurang
Paeng,Potensi Kurang
Neroh,Potensi Kurang
Serabi Timur,Potensi Kurang
Serabi Barat,Potensi Kurang
Patengteng,Potensi Kurang
Langpanggang,Potensi Kurang
Suwaan,Potensi Kurang
Modung,Potensi Kurang
Brakas Dajah,Potensi Kurang
Karanganyar,Potensi Kurang
Glisgis,Potensi Kurang
Pakong,Potensi Kurang
Alaskokon,Potensi Kurang
Junganyar,Potensi Kurang
Socah,Potensi Kurang
Buluh,Potensi Kurang
Sanggra Agung,Potensi Kurang
Bilaporah,Potensi Kurang
Keleyan,Potensi Kurang
Petaonan,Potensi Kurang
Dakiring,Potensi Kurang
Pacentan,Potensi Kurang
Baipajung,Potensi Kurang
Kranggan Barat,Potensi Kurang
Pangeleyan,Potensi Kurang
Padurungan,Potensi Kurang
Petrah,Potensi Kurang
Tanah Merah Daya,Potensi Kurang
Dumajah,Potensi Kurang
Tlomar,Potensi Kurang
Kendaban,Potensi Kurang
Jangkar,Potensi Kurang
Pettong,Potensi Kurang
Landak,Potensi Kurang
Rongdurin,Potensi Kurang
Batangan,Potensi Kurang
Dlambah Dajah,Potensi Kurang
Dlamba Laok,Potensi Kurang
Mrecah,Potensi Kurang
Buddan,Potensi Kurang
Poter,Potensi Kurang
Basanah,Potensi Kurang
Planggiran,Potensi Kurang
Tagungguh,Potensi Kurang
Bandang Daya,Potensi Kurang
Bungkeng,Potensi Kurang
Larangan Timur,Potensi Kurang
Tambak Pocok,Potensi Kurang
Bumi Anyar,Potensi Kurang
Paseseh,Potensi Kurang
Telaga Biru,Potensi Kurang
Tanjung Bumi,Potensi Kurang
Tlangoh,Potensi Kurang
Banyu Sangkah,Potensi Kurang
Aengtabar,Potensi Kurang
Alang Alang,Potensi Kurang
Kemoneng,Potensi Kurang
Soket Laok,Potensi Kurang
Bajeman,Potensi Kurang
Tambin,Potensi Kurang
Soket Daya,Potensi Kurang
Keteleng,Potensi Kurang
Ja'ah,Potensi Kurang
Bancang,Potensi Kurang
Masaran,Potensi Kurang
Pacangan,Potensi Kurang
Tragah,Potensi Kurang
Karang Leman,Potensi Kurang
Dukotambin,Potensi Kurang
Jaddung,Potensi Kurang
Banyu Bese,Potensi Kurang
Pamorah,Potensi Kurang
Bepelle,Potensi Kurang
Lepelle,Potensi Kurang
Robatal,Potensi Kurang
Sawah tengah,Potensi Kurang
Torjunan,Potensi Kurang
Tragih,Potensi Kurang
Jelgung,Potensi Kurang
Gunung Rancak,Potensi Kurang
Pandiyangan,Potensi Kurang
Aeng Sareh,Potensi Kurang
Paseyan,Potensi Kurang
Panggung,Potensi Kurang
Baruh,Potensi Kurang
Taman Sareh,Potensi Kurang
Pakalongan,Potensi Kurang
Tanggumong,Potensi Kurang
Kamoning,Potensi Kurang
Banyumas,Potensi Kurang
Pangelen,Potensi Kurang
Tobai Barat,Potensi Kurang
Tobai Tengah,Potensi Kurang
Tobai Timur,Potensi Kurang
Sokobanah Laok,Potensi Kurang
Tamberu Laok,Potensi Kurang
Sokobanah Tengah,Potensi Kurang
Sokobanah Daya,Potensi Kurang
Tamberu Timur,Potensi Kurang
Noreh,Potensi Kurang
Labuhan,Potensi Kurang
Taman  ,Potensi Kurang
Sreseh,Potensi Kurang
Disanah,Potensi Kurang
Marparan,Potensi Kurang
Labang,Potensi Kurang
Bundah,Potensi Kurang
Bangsah,Potensi Kurang
Plasah,Potensi Kurang
Junok,Potensi Kurang
Batorasang,Potensi Kurang
Karang Anyar,Potensi Kurang
Samaran,Potensi Kurang
Bringin,Potensi Kurang
Mambulu Barat,Potensi Kurang
Barung Gagah,Potensi Kurang
Tambelangan,Potensi Kurang
Somber,Potensi Kurang
Banjar Billah,Potensi Kurang
Birem,Potensi Kurang
Dulang,Potensi Kurang
Patarongan,Potensi Kurang
Pangongsean,Potensi Kurang
Krampon,Potensi Kurang
Bringin Nonggal,Potensi Kurang
Torjunan,Potensi Kurang
Patapan,Potensi Kurang
Jeruk Porot,Potensi Kurang
Kodak,Potensi Kurang
Kanjar,Potensi Kurang
Kara,Potensi Kurang
Tana Mera,Potensi Kurang
Olor,Potensi Kurang
Planggaran Barat,Potensi Kurang
Planggaran Timur,Potensi Kurang
Tolang,Potensi Kurang
Lar-lar,Potensi Kurang
Tragah,Potensi Kurang
Nagasareh,Potensi Kurang
Tapaan,Potensi Kurang
Terosan,Potensi Kurang
Asem Jaran,Potensi Kurang
Kambang Jeruk,Potensi Kurang
Morbatoh,Potensi Kurang
Tebanah,Potensi Kurang
Nepa,Potensi Kurang
Masaran,Potensi Kurang
Banyuates,Potensi Kurang
Jatra Timur,Potensi Kurang
Trapang,Potensi Kurang
Banjar Talela,Potensi Kurang
Prajjan,Potensi Kurang
Batu Karang,Potensi Kurang
Dharma Tanjung,Potensi Kurang
Rabasan,Potensi Kurang
Banjar Tabulu,Potensi Kurang
Anggersek,Potensi Kurang
Madupat,Potensi Kurang
Pamolaan,Potensi Kurang
Plampaan,Potensi Kurang
Margantoko,Potensi Kurang
Asem Nonggal,Potensi Kurang
Majangan,Potensi Kurang
Kalangan Prao,Potensi Kurang
Asem Raja,Potensi Kurang
Plakaran,Potensi Kurang
Buler,Potensi Kurang
Bancelok,Potensi Kurang
Mlaka,Potensi Kurang
Jungkarang,Potensi Kurang
Kotah,Potensi Kurang
Jrengik,Potensi Kurang
Taman,Potensi Kurang
Panyepen,Potensi Kurang
Bluuran,Potensi Kurang
Tlambah,Potensi Kurang
Gunung Kesan,Potensi Kurang
Karang penang onjur,Potensi Kurang
Bulmatet,Potensi Kurang
Poreh,Potensi Kurang
Karang penang oloh,Potensi Kurang
Komis,Potensi Kurang
Banyukapah,Potensi Kurang
Rabasan,Potensi Kurang
Rahayu,Potensi Kurang
Muktesareh,Potensi Kurang
Bajrasokah,Potensi Kurang
Nyeloh,Potensi Kurang
Banjar,Potensi Kurang
Ombul,Potensi Kurang
Pajeruan,Potensi Kurang
Kedungdung,Potensi Kurang
Batu poro barat,Potensi Kurang
Batu poro timur,Potensi Kurang
Gunung Eleh,Potensi Kurang
Daleman,Potensi Kurang
Pasarenan,Potensi Kurang
Palenggiyen,Potensi Kurang
Paopale laok,Potensi Kurang
Bunten Barat,Potensi Kurang
Bunten Timur,Potensi Kurang
Pancor,Potensi Kurang
Karang Anyar,Potensi Kurang
Pangereman,Potensi Kurang
Bira Barat,Potensi Kurang
Ketapang Timur,Potensi Kurang
Paopale Daya,Potensi Kurang
Banyu Sokah,Potensi Kurang
Kebun Sareh,Potensi Kurang
Karang Nangger,Potensi Kurang
Astapah,Potensi Kurang
Gersempal,Potensi Kurang
Meteng,Potensi Kurang
Madulang,Potensi Kurang
Kamondung,Potensi Kurang
Omben,Potensi Kurang
Sogiyan,Potensi Kurang
Napo Daya,Potensi Kurang
Jrangoan,Potensi Kurang
Angsokah,Potensi Kurang
Rapalaok,Potensi Kurang
Rongdalem,Potensi Kurang
Pandan,Potensi Kurang
Rapa Daya,Potensi Kurang
Karang Gayam,Potensi Kurang
Apaaan,Potensi Kurang
Gulbung,Potensi Kurang
Penyerangan,Potensi Kurang
Pacanggaan,Potensi Kurang
Ragung,Potensi Kurang
