Desa/Kelurahan,Potensi
Buduran,Potensi Sedang
Kemayoran,Potensi Sedang
Keraton,Potensi Sedang
Pejagan,Potensi Sedang
Bancaran,Potensi Sedang
Burneh,Potensi Sedang
Kamal,Potensi Sedang
Kwanyar Barat,Potensi Sedang
Morkepek,Potensi Sedang
Jaddih,Potensi Sedang
Parseh,Potensi Sedang
Tanah Merah Laok,Potensi Sedang
Pocong,Potensi Sedang
P.Mandangin,Potensi Sedang
Banyuanyar,Potensi Sedang
Rong Tengah,Potensi Sedang
Karang Dalem,Potensi Sedang
Gunung Sekar,Potensi Sedang
Dalpenang,Potensi Sedang
Taddan,Potensi Sedang
Tambaan,Potensi Sedang
Dharma Camplong,Potensi Sedang
Sejati,Potensi Sedang
Ketapang Laok,Potensi Sedang
